export_value,balance_value
10048,1739
2890,12816
2086,-151719
0,7
0,599
17,60
0,-5
2120,-40924
8052,-55455
5965,-128921
2709,-24071
114,-239371
4585,-1999344
256,-165944
0,-63284
0,-20
0,-4306
34,34
282,-2209
14,14
7,-596
5,-95
117,56
374,-119
0,-452
264584,-65062
0,-895
35,-4709
340,-18254
0,-432
0,-196
231,-17595
0,-2611
0,-5537
0,-2825
28,-815
1,-6041
152,-8678
88,-94118
38,-15910
201,-578924
0,-115869
0,-1850617
109,-37297
1693,-132484
3628,-105945
3951,-2342144
0,-6631
0,-51533
0,-4055
0,-1777
0,-200283
243,-358913
0,-658646
28,-1719861
0,-305903
0,-32758
1111,-347535
0,-220452
0,-499564
860,-12803
0,-230833
0,-524453
1694,-78296
0,-2451
54,-135199
0,-1615
0,-28474
2,2
1129,-71500
0,-2213
0,-11188
105,-19290
0,-197
0,-1741
0,-22554
2032,-45571
52,52
0,-711
0,-6143
0,-2772
0,-58
0,-338608
1242,-6791407
0,-14107
5887,-3715182
0,-16768
0,-382543
0,-11403
0,-76923
0,-4049
0,-66281
0,-9480
0,-9356
64,-59618
0,-26
138,-34787
211,211
0,-234
5,-92
0,-1465
0,-96
26,-739
0,-105
0,-13755
0,-51
0,-3704
0,-128
0,3592
0,-5369
0,-1680
0,-19400
2899,-99771
652,652
0,38
0,-6901
0,-107440
0,-1192
0,-428
0,-98
0,-40
0,41
63,63
0,-4780
0,-1363
0,45
0,-144246
0,-65113
0,-2176
0,-322
0,-5420
0,-21539
0,-3368
0,-14946
0,-29
73,-2818
0,-5627
0,-808
131,-17447
0,3
0,-630
0,-45
0,-1256
0,-72
0,-12005
0,-11809
0,-1275
0,677
0,-6
0,-1395
117,-113134
0,-176
0,-786
0,-2639
0,-14147
0,-21
0,-479
0,-286
6971,-300096
93,-47215
0,-8172
0,-8291
0,-2878
0,-40247
0,-4962
0,-1449
0,-58
0,-898
0,-67391
368,-1856
0,-5168
0,3819
0,-799
0,-446
0,-10895
0,-603
0,-5037
0,41
0,1227
0,-6
0,-18244
0,-21397
0,-573
0,-13306
0,547
0,-302
0,-2732
0,-1387
0,-1638
0,-5117
0,-1182
0,-8426
0,-3250
0,-984
0,-15977
0,937
0,-19
62902,-353172
108,-45980
0,-459
0,-40707
945,-3153
0,-317
1261,-3592
0,-328
1689,-372640
0,-37
6112,-263007
25,-15186
0,-679
0,-32399
0,-56248
0,-998
4677,-13773
0,4672
58,576
122086,223278
0,-60
0,-9
0,-661
62586,-9259
18416,-146180
297099,-1160470
2635,-15359
5,-464
0,-9476
0,-82937
1689,-76335
24,-18471
0,-38
0,-47426
426,-13334
0,-21766
0,-21471
37376,-1402
5464,-4191
78919,-76178
0,27
0,-7406
0,-13
0,965
221,-2694
159468,115090
1917,-7442
995,-104265
11391,-5635
5476,-408292
7839,-165790
5105,-762107
8187,-138107
3548,-2201204
155690,-2105227
4898,-78178
6693,-51653
75172,-2661159
12701,-89304
23465,-1180339
0,-64768
17059,-242606
403,-96467
1826,-32700
0,-6425
5,-21352
274,-51753
1645,-7611
47076,-690274
400,-63053
23880,-894179
3017,-397636
207,-398055
417,-1099422
44,-10780
1242,-185486
834,-265831
8789,-1360142
0,-325464
11471,-840050
50,-29236
2183,394
0,-101393
33,-2341
0,-41318
435,-201815
0,515
0,-2260
0,-2004
0,-1269
0,-2248
0,-199
0,0
0,-363
0,-5
0,-361
0,-12
0,-33
0,500
0,-18
1374,-13064
0,-1701
0,1276
0,-214
269,-10511
0,-350
0,229
0,206
0,-2
0,-274
0,-362
654,-7451
0,-1454
0,-3251
31474,-6686
305,-16398
0,-5654
0,-3115
0,-17037
6471,-270931
101,-18022
0,-38588
0,-20296
0,-391
260,-417806
0,-8595
0,-86
30,-34463
0,-6304
0,-11196
0,-1120902
2553,-1207884
0,-1257730
0,-227
0,-196402
110,212
3,-179205
0,-57155
907,-96751
0,-278844
66,-263862
0,-113
0,-140
0,-515748
0,-10309
9,-59804
0,-6661
485,-89171
25291,30830
0,-70
0,-7583
0,-25633
20,-8675
0,-74672
0,-9912
0,-441
962,-277952
0,-770
115,-34076
5,-91038
0,-15090
304,-982
0,-57096
0,-2008
34535,-2664968
234,-390339
0,-86183
5,-29420
0,-9519
0,-8654
591,-91511
277,-130218
65,-152170
0,-29438
0,-2902
0,-3489
0,-826
78,-837
28,-7857
0,-31593
0,-2387
98,-741
0,-3430
4,-12317
0,-429193
165,-698185
2231,9949
77,868
0,2237
0,-326711
0,-75703
1193,-1042071
344,-269456
0,-84158
0,-335443
0,-22560
0,15529
0,209
0,-618
0,-67752
223,-221007
5,-81284
0,4339
0,-3159
0,14189
0,-811046
0,91332
0,-554118
0,-8218
0,-18435
0,-19613
0,-100561
0,-14674
0,2104
0,-49755
0,-530
1223,2238
541,-57017
0,1003
2565,39234
5109,1736
0,-1193880
285208,253591
116733,235643
48382,-420424
60993,65352
0,-18268
3,-14051
0,-338056
0,-67695
0,-14520
68,-676417
0,-15265
37,-1955427
0,-315920
0,-96294
295,-726390
0,10052
1,-47685
0,-912590
0,-73614
0,-268814
0,-66502
74,-81076
0,-70701
994,-2330282
0,-281823
0,-668
0,-48672
0,-23235
0,-156142
0,-212894
99,-223044
0,-7734
3,4090
0,-162157
0,123
0,-181403
0,-971
0,-4964
0,-559507
0,-12516
0,-6702
0,-26168
0,-170975
0,-18159
0,-2960
0,216
0,3497
1,-29036
0,116
17,-10896
1743,-36788
0,-97
0,-301134
0,-7680
0,-167258
0,-41588
0,-23112
12,-36117
11,-4984
64400,810916
187,-1030125
64,-1803698
0,5084
0,-308220
29,9493
19,-181317
464,-235
0,-56468
0,-4599
0,-8176
0,-83144
0,-64407
214,-644892
0,-5618
0,-165825
0,-267768
0,-2086
0,-17849
0,-127719
0,-241780
0,-118715
513,-125620
0,-44501
45,-18820
0,-30477
3419,84694
3605,-52323
1454,-6136844
80,-165
0,705
0,-1953
3710,-1301181
0,-20225
0,-31630
0,-512
113,-707469
37,-53493
46,-122192
1894,-242731
111,-117246
2693,-58158
88394,-21265382
0,-151611
0,-28304
0,406
0,-198215
0,-3748
4404,-7106
997101,1861804
961,1096
0,-2073
723,-87668
5987,6112
0,-1231
0,-13
0,-33
0,-796
138,-7870
0,-154767
18924,-122935
0,26897
50930,43361
0,-635
1921,1274
0,-327
27,-4171
0,-369
1114,-101985
2876,-15254
0,-698
0,-251
920,-19976
23,-18256
0,-3814
0,-29118
22705,8059
0,-491
0,-185
0,-119
484,-4794
0,-1632
2408,-12559
0,-975
0,-15800
0,-15661
0,-2874
34,-10823
13,-3
0,-2884
0,-131
0,-2440
0,-66
234,-63
0,-503
109,109
0,-547
0,-696
0,-9086
0,-153
0,5
0,-415
0,-81
3,3
38,-850
6,-5710
0,-74
0,-7404
19470,9284
0,3783
0,-118622
2336,1282
8,-6580
0,-742
6,271
0,-576
0,-3779
0,-2138
18,-108786
0,-7733
0,-73329
516,4912
0,-187
0,5772
0,-9795
0,-2769244
0,-764
0,27072
0,-210127
0,3160
0,-6850
0,-1164509
0,-2155030
0,-153498
0,-66472
0,-108863
0,-19484
8178,402779
2854,-126451
0,-3725
0,-173
38,-291280
218,218
0,-716
0,-2365
0,-4101
32,168
0,-103691
0,-3489
0,-12715
0,-36
0,-868
0,-1631
0,-4224
0,-453
0,974
0,-6196
0,-1394
0,-58
0,-20
0,-23725
0,-15601
6720,6979
28755,28370
0,-126
0,-596
6,-193782
0,-678
0,2805
0,3824
3753,-80170
2,-10191
45,-12390
0,-20646
290,-2765
0,-273101
0,-445
8,19437
53,-115220
5971,-51
2096,-2086567
0,-12718
12,-547
1318,-566043
1508,6168
0,-86
0,-14352
0,-3121
0,-7479
0,357
0,4853
0,-3757
0,9
0,-4403
19,-1159
0,-2877
0,6385
0,-1163
14,-2686
0,-199
1868,-134786
0,-303
0,-1917
0,-7871
0,-19752
0,-3968
7,-28463
0,-51288
0,-3171
0,-413
0,-188
0,-653
127,-11221
8,-1124
21,15460
0,-22738
15,-17619
0,-54
498,-960
24,-2346
0,-3162
0,688
0,-33
0,-9280
62,-5843
0,23
52,-996
173,-312
60418,-1085715
353352,229030
13447,14706
0,2780
1062,-289249
36,-258250
663,-6878
368988,215407
676325,-7200935
24260,-1439407
423775,-76570
647,-577
0,-5982
295,2129
384,-147913
525,525
6791,-57846
0,-47578
9,-11300
89662,92017
1204,-17311
245,263
3897,1506
3962,-448581
432251,-771850
0,-61514
3546,-7764
693074,49623
69,-19854
905630,-9091
29293,26828
34240,-11566
1315,-25281
0,-5189
222472,49965
14145,-2540
0,-1891
0,1955
0,-341
0,-19
0,-669
0,-180
0,0
1972,-1295
0,-137644
8,-47803
0,-3954
17,-10097
0,-13070
5187,-116443
16,-3814
1474,-5060
0,-1449
0,-10188
34172,-598096
0,-15719
0,-51178
0,-4974
0,-13712
340,-44168
15855,-315573
406,-507334
29305,-7460
0,-170
0,-9
0,-8275
0,-6912
0,-83371
0,-689200
0,-13766
0,-4397
28,-12449
3803,-4349
0,40069
0,-7192
134170,84552
0,791
310,-11
0,-2328
22277,-915361
0,-34053
0,39909
0,-86
13857,3696
6938391,4231536
366,-13247
425,-99507
1827,-13187
89,503
1698,-25777
0,-12621
0,-7683
0,-12644
2851,-112081
314,-9279
0,2883
0,-2470
0,-1232
0,299
0,990
0,-357
0,-85
9,-17459
0,-3542
0,-13397
629,6922
1304,-253
20025,-459059
6930,-6111
24803,-58252
227,-117775
1789,-184084
0,-47239
1226,-56790
49,-93031
0,-4337
39430,-288843
0,244
0,-140
0,-102865
0,-184
1127,-446484
0,-45145
931,-2985
387,-9669
0,-50978
8546,-353704
0,-37765
32182,-896289
0,2229
2042529,1671518
0,-6175
187648,-88192
4581,-10606
8529,-425552
0,-79742
68669,-711665
470,-999087
29,-8856
0,-171947
0,-68631
0,-28052
20188,-265162
0,-8327
4231,-10214
40,-33890
34548,-268247
97749,-68596
0,-4145
1573,-79814
18824,16944
92279,-258131
1401,-22995
158,-13431
32474,60165
4285,3972
250,-197
0,-15221
236301,-104480
0,-7334
0,-17316
446,-53927
1680,-552936
412,-80794
0,-8526
8,-21369
784,-5092
2918,-25219
0,-2709
0,-4960
0,-5348
30,-7474
3,-17405
845978,-149657
40956,-555324
0,-15669
27,-51749
4813,-98825
0,-3650
5856,-96623
407,-9200
47519,-355392
0,-762
0,-4179
25010,-901712
79,-2944
7,7
30693,-82211
4421,-148465
8,-33631
0,-4576
0,-57929
0,-5377
7205,-213082
32,-1608
0,-20179
267,-1126
689,-48604
200999,-691167
0,-23666
7,-118928
0,-974
0,-13118
71,-748373
0,-1202
0,-5924
36,-4036
0,-459
0,-191
0,-2172
0,-1803
31,-46626
0,-24691
15,-7838
0,-460
0,292
41297,-48016
7544,-28605
506958,513522
2494,18243
0,-4920
746,-146917
0,-68156
0,-2949
8060,-2233
2633,-15299
7978,-20804
0,-2162
0,-580
0,-1877
6,-10537
28,-19433
0,280
0,-65803
95,-78743
28346,89656
0,-15881
0,-497
0,-74
0,-24715
0,-7651
623,-36021
0,-18739
0,-6533
0,-838
0,-9370
769,-58698
0,-5742
151,-44221
0,-8805
0,-12779
1372,-149821
953,-125285
0,-33712
112,-38263
358,-22405
0,-52718
20922,-11384
2984,-20521
1612,-169740
0,-130734
0,-2254
0,-17586
0,-5614
0,-224600
0,-9452
0,-4274
1270,-58594
2657,-312901
17937,-215015
489833,504805
200109,181198
3558,-6479
1856,-10209
1818,-18868
216428,214954
292512,283884
11132,4258
3502,-44110
1789,-24028
306,-6454
2515,-22781
47929,31373
5052,-126208
94,-6427
157166,-346091
43127,42523
743,-126565
0,111
52,-21464
0,-10
551500,478451
241551,-280392
59700,-258181
0,-944825
3033,-189538
0,5374
0,-266516
319,-51715
0,-24685
0,-4357
0,1273
0,-142957
0,656
0,-147
0,-16857
2161,-17171
0,-1411
718,-10681
171,-79865
222587,-108920
0,-3028
2543,-13081
173840,-5314
3951,-53211
0,-426
91155,-570574
0,-644532
16644,-57502
35831,-436226
1085,83653
0,-61506
18,-13179
0,-6530
0,-20274
1073,-46076
0,-38447
0,-4054
0,-3125
933,-1021239
221,-367658
705,-3193
0,-1794
472,43982
484349,-2233349
375396,-100659
15750,10716
7318,-37336
2586,-19973
4299,2797
8064,-37339
21846,18716
15280,-24534
695023,201324
41750,-306347
902,-35862
18284,-96110
2380,-14274
271209,-54359
0,-89802
107626,-342214
0,-399652
0,-677905
0,-750043
0,-214245
0,-247
227,-376
0,-8
0,-7871
0,-18414
0,-14524
507,-700
0,-276534
0,88
1781,-44564
0,-249354
0,-46955
0,-23452
0,-99986
0,-109358
0,-10066
0,-265
0,-872793
1331,-31973
0,-1088
13790,13504
856,-1582
0,-15013
21325,-119381
1663,-1544
324,2529
0,617
0,-2846
0,-2445
336433,130415
0,-742
0,-2603
0,-18
0,-6343
0,-2154
680,-2587
0,-525
0,-2029
781310,797179
0,-1598
1035,-14395
0,-147954
2439,-77115
46514,24852
2,-19011
40627,6229
3717,-42000
367,-20684
1999,-354641
149,7605
0,35408
0,1221
0,7031
451,-62377
1840229,3064478
29,-2205
0,1454
842,14205
242,-12779
0,-5
5012,1567
38,2127
10,8415
0,22573
0,483
0,-664
20242,33445
1727,35923
621,-138713
10,-73785
67,-27951
33,-8922
0,-98947
0,-5
24751,-41685
0,-8587
0,-3181
50,-904991
620,-279601
0,-8259
0,-78064
0,-3198
0,-620258
1681,-17498
8380,-150209
0,-13287
221,-132633
0,-396
0,-2266
0,2298
0,-334
0,275
0,-187
26334,-93195
0,-6
0,-28800
0,-77185
0,-7323
0,-289684
0,35
0,-25383
0,-1927
0,-13886
369,-126609
1,-265969
0,-2465
0,-5387
0,-27950
1,-259226
90,-184650
0,-4637
0,-17642
11771604,11181708
0,-5765
0,-206
5079,-1518565
0,-35715
0,-1536
0,-550
0,-535
0,-2301
0,-57407
0,-5230
0,-2986
0,-1552
8702,-239333
0,-3861
0,-4763
5304,-39118
640805,506500
174753,159966
575,1887
20745,26989
75009,-9754290
408539,301791
121327,-1772275
3991,2638
163390,-120796
2097,-2448
27719,-11493
0,-292664
0,-127615
0,-16467
0,-22057
0,-10
0,-47
0,-1652
0,1379
0,-54916
0,-2
20,-2183
0,-463126
0,-201
0,-4523
0,-4106
0,-30451
0,-1310
0,-441
0,-1551
360,-69798
0,-203595
0,-96158
0,5
0,1921
0,-23033
0,13949
15160,-358268
0,12252
5,959
15,566745
0,-956
0,116039
0,-19
0,-1500
0,-255222
0,2302
0,-462
0,6072
0,-394
0,-188
0,-5750523
23499,23848
107857,121810
0,145
0,-6295
0,-176099
2027,-22454
0,11338
0,325
0,81
0,-1047
0,-233204
0,-2028
0,-1600856
7,-1863719
0,-1122
0,-28144
0,-45293
0,3705
0,-66135
0,-448
2,-954
0,-7191
1480,385
0,10801
520,4792
0,-1012496
38600,-443338
80,-743
20028,-57656
0,-857501
51313,2101
0,-10962
0,-25
0,181
769,727
19545,-6006
2436,-2228
670,-2824
329,-62833
806,-1729
33725,63968
5879,-131004
0,-321
7436,-33271
397,-402877
0,116
17867,-307481
67377,-10889393
733985,720345
725905,696433
28168,26970
43774,8609
5039645,3774737
2855,-14602
2800,-46551
1406,-104607
835,-778
69580,62560
3406,-695647
804,-48349
684354,404995
42908,-172689
2065,-11725
13059,-12135
0,-5276
9313,9276
8389,-32475
0,-1397
1106,-6035
0,-2366
0,-1169606
0,-40072
0,-15946
0,3
176,-20671
1952,-33947
0,1814
0,-3145525
112199,-1391095
4520,-39163
558,-1664
256333,-715385
3605,-2457
79776,-1156773
0,-16127
0,-34572
44,-7577
0,-25
0,-5490
0,-622
0,178
0,-456271
1269,-2584
7611,-271424
3718,-119647
0,-1753
38,-17043
38310,-12620
3281,-10026
0,-61
0,-1211
22,-1779393
0,-177
0,-3121
0,-4582
0,-20378
0,-28638
0,-7122
1576,-975
0,-7804
0,-588
938,-61183
0,-155
14783,-99180
0,-13402
0,-15111
0,131
0,-48319
0,-762
0,-687
0,-3403
0,-1823
0,-688
0,-730
0,462
2,-31472
1747,-104020
0,-1808148
0,-757
1,-2531
0,-141
29,299
0,796
0,-1758
0,-40685
0,-370
0,-146
0,-4639
2627,-153888
0,-106421
0,-17631
0,-39
0,-9455
0,-172
0,-34311
0,-1379
3,-18020966
217,-29530
0,-1708
0,-10382
0,-9056
31,-20391
383,-329547
0,-4042
0,-216066
0,-51524
0,-25564
58,-1515
0,-10905
0,-1786
0,-43123
0,-183
0,-1191
0,-139354
117,-2968
0,8143
0,-6948
0,-916
0,-335
0,-1326
0,-186
0,-1
250,-7461
73682,-435886
0,-2788
0,-11513
0,-1199
159,-10626
0,-285050
206,-6953
56837,-125497
0,-896
414,414
0,-9484
0,-39826
0,-66136
12495,-11064
0,-58406
0,-36591
0,-105104
0,-1055
0,-50400
92,-35289
0,-1772
0,-785
446,-9757
0,-13177
0,8540
0,-1624
0,-2805
123,-75
0,-4197
0,-2517
452,-2056
0,-8192
0,-4114
0,-56627
0,-14750
0,-2685
0,1368
0,-1309
0,-77077
0,-27022
0,-10387
6460,-22181
0,-1779
0,-25818
0,-10203
0,-8718
0,-133
0,-588
0,-3314
0,-22097
0,-2569
0,-253
0,-56532
0,-2823
0,-3261
0,-2843
0,292
0,-835
0,-51658
2759,-11796
0,-124
0,-99196
0,-13
0,-12197
0,-308
61,-5820
0,87
0,0
4792,3696
0,-234
0,-1335
0,-2794
0,-40175
0,-40393
262,-53154
0,-730
16717,-50046
0,-42723
0,-205901
0,-32244
294,-25864
0,-931913
0,-42868
0,-6882
24485,-316655
0,-4506
0,-954
0,-1767
0,-7208
0,-10229
0,-1786
0,-690
0,-33
0,-25421
341,-30575
3,-50263
0,-1036
0,-2113
0,-2089
0,-3167
0,-703
0,-219
0,-2567
0,-310
0,-42
220,-1630
0,-291
0,-339
0,-448
0,-83210
0,-12728
142,-1782
0,-99
0,-32
0,-12
0,-3156
0,-48065
0,-18529
0,-34894
0,-7772
0,108
0,-1599
0,-2413
0,-23067
0,-76742
0,-1254
0,-17761
0,-5993
0,-11853
117,-62035
0,-11020
0,-171823
0,-52513
0,-2547
0,-344
0,-4995
0,387
0,-626
0,-210
0,-80
0,-1228
0,-58
114,-2609
2,-206
0,-1090
0,-152
0,-6709
0,-1108
0,-1316
0,-63915
0,-1863
0,-182
208,-426
0,-10364
0,330
0,-223
1877,1836
15,-197
0,-24
0,2031
0,201
0,-10431
12240,101981
0,-358399
0,-4920
0,-3333
0,-787734
540,-5857
800,-2801
0,-1243
0,-11242
0,-32240
0,-2223
168,-34754
0,-791
0,0
0,-875
0,517
0,-7847
0,-3511
0,-5851
0,-16286
0,-4082
0,-194
0,-6875
0,-4048
0,-93262
0,-1775
11,-10071
0,-1175
0,-6041
0,-760
0,4
0,51
0,-203
0,-152
0,-1260
0,-8976
0,-65
2,-3
0,-173911
0,-15656
593,-70987
0,-15953
0,-1030
0,-5827
0,-14947
0,-23954
0,-604
0,154
0,-22922
0,-156215
0,-72
0,-1557
0,-15749
2710,-52505
0,-400080
0,-31796
0,-170002
0,-192636
0,-1062
0,-30
0,-11
0,-1181
0,-621
0,-193
0,-2481529
0,-375247
0,-86502
0,-317
0,-51237
0,-2392
0,-3943
0,-157797
0,-23
0,-11277
0,-1426
0,-57
0,-96
0,-16850
0,-36053
0,-1402
0,-9660
0,-1527
0,-1
0,-3805
0,-3598
0,-7400
0,-80
0,-2809
0,-29
0,-14427
0,-63
0,-131836
0,-77
0,-19332
0,-522
0,-207
0,-4832
0,-1082
0,-45708
0,-18918
0,-210452
0,-58469
0,-149051
0,-7191
0,-72290
0,-15608
0,-7965
0,-36012
120,120
2064,-23259
0,-6734
6091,-675906
205,160
3791,-15352
1806,1580
0,-18488
0,-7621
0,-9632
0,-3059
0,-2467
0,4541
0,-4234
0,-1268
0,-218717
0,-48275
0,-29441
0,-1764
0,-4617
0,-2621
0,-977
0,-6981
0,-8577
0,-6392
4,-3063
0,-467
0,-8913
0,1610
0,-1956
0,-10825
0,-4285
0,-967
0,-109
0,-15598
0,-387788
0,-91917
0,-214495
0,-89529
0,-19632
0,-145
0,-86973
0,-12903
0,-85546
0,-49385
0,-991
0,-40784
0,-4024
0,-15416
218,-8411
0,-6081
0,-6183
0,-8105
0,-13602
0,266
0,-1019
0,-128
0,-13669
0,-3189
0,-3217
0,-914
0,-125993
0,-23112
0,-1534
0,-49315
0,-79758
0,-83665
0,-261380
0,-4641954
0,-3650
0,-925
0,-388912
0,-20563
0,-5048
0,-81
0,-57950
0,-814
0,-185
0,-5598
0,-110994
0,-529
0,38
0,-7992
0,-604
0,-5504
0,-198
0,-4744
0,-4600
0,54
0,665
0,-3124
0,-50267
0,-20
0,-4540
0,269
0,-2115
0,-961
0,866
0,76
0,-28399
0,-52637
0,-3606
0,-12
0,-902
0,-501
0,-198
0,-99
0,-2424
0,-3714
0,-8827
0,-1086
0,-29254
0,-196209
0,1689
0,-877
0,-37
0,-4113
0,-5776
8532,-1630
5353,-70883
0,-56053
0,-46888
0,-19100
0,-346
0,-970
0,2242
0,2892
16982,14061
0,-19305
344,-8083
1823,-44450
0,110335
0,-51195
0,3099
0,-893
0,-17496
0,-31154
0,-37226
0,-18826
0,-1457
119,-19842
821,-10378
0,-17
0,-42303
0,-3677
0,-11783
0,-840
0,-5541
0,-3266
0,-7136
0,51
0,-232
0,-47
0,-5225
0,-10905
139,-33504
13786,-921979
0,-396
0,106
0,-4827
0,-5929
0,-281
0,-43804
0,-2079
0,-3170
0,229
0,-11
0,4
0,-122
0,-82
0,16
0,-8197
0,-58
0,-26438
0,-7
0,-929
0,-6563
0,-3611
0,-889
0,-238
0,49
0,219
0,-719
0,-1060
0,-1902
0,-5
0,-1179
0,-225
0,-747
0,7
0,-599
0,117
0,-61
0,-2683
1702,-88042
0,-444
0,992
0,-998
0,-1408
0,-134
0,-7500
0,-505
0,345
0,8690
0,-274
0,-1761
0,-1503
0,-7030
0,-4579
18970,14321
936,-36911
0,-3395
820,908
237,474
0,988
0,-4839
3825,-33090
0,-100259
0,-1824
0,-10907
0,-5252
0,-374
0,-15709
0,457
0,-1714
0,-89
0,-3271
0,-4567
0,-3597
0,-10301
0,-16111
66,-18902
0,-298
0,-11913
0,-7931
0,-1745
0,-35249
604,-65109
0,-28307
88,-11305
0,-48440
0,-2169
0,1580
0,-7928
0,-369
0,-8
0,-5508
0,-17
0,-274
0,-9313
0,349
0,-1425
0,-907
0,-412
0,23
0,0
0,-1036
0,-110
4600,-8999
0,165975
0,-222
0,-343
0,-4857
0,-16813
0,-17740
83,-382197
0,-3562
0,-95918
0,-1058078
1717,-1011699
1550,-133194
0,-1580
0,-1090
2518,-95537
0,-12088
0,-63157
0,-7244
0,-31077
0,-345
0,-44830
24904,-620687
14825,-643169
0,-167453
0,-366612
0,-123342
0,-555771
20231,-508722
87951,-4903639
372220,-9293814
2269,-95154
0,-55568
1152,-12802
0,-16751
12136,-99205
0,-81174
0,-1170
0,-3180
0,-3101
0,-8311
0,-26496
2315,-43592
0,-36975
0,-4417
0,-7058
0,-3980
0,-941
11748,-5864
42268,39510
0,-32957
185,-133
0,-385908
541,743
0,-4000
0,-5465
6666,10073
0,202
0,-26483
0,2948
0,-1921
914,-5226
1355,-1790
0,373711
0,-59304
26413,23622
2148,-3364
285614,175000
0,193983
0,51304
248,-1848
12,-7682
184101,177663
3984,-3612
0,-864
0,-986
0,92
0,-770
0,-15882
0,-2292
0,-6945
0,-9203
211,141
30926,-67354
0,-13982
4541,-18510
1539,-28724
566,-22584
8303,-28343
2601,-451257
12935,-64840
0,-32331
0,-5275
0,-13578
237,-24593
0,-1342209
2000,-76553
18,-206849
0,-24175
0,-10711
289505,-118419
0,-1196
23334,-99966
12,-183371
5003,-633989
0,-522205
3841,-69871
167208,-208471
2045,-75637
63229,-23269
8136,-117996
506313,34571
223,-59848
19423,-11055
0,-46553
46353,-66397
2011,-18789
0,-2972
173800,138890
18561,-46931
0,-50630
16587,-300540
13651,-72215
0,-16656
0,-10975
0,-25402
9598,-725160
5728,-69774
0,-16759
0,-5298
0,-2439
0,-2368
3835,-6612
4558,-212215
1653,-3050
0,-69639
1293,-10054
5195,-85013
2794,-272157
25977,-557084
6155,-272380
33882,-703943
0,-3833
0,-6824
939,-638
92,-22726
0,-2286
0,52342
0,-266
0,-2835
0,-280216
269,-6668
0,-325
0,-232
0,-1297
0,16
0,-61517
167,-3429
0,-430
8747,-126234
274,-87
449,-12796
0,-1461
0,-26
0,-4480
0,-1583
0,-674
2072,-642595
11918,-1755862
338522,-931882
1482,-67776
343884,-1070664
2885,-1221362
1353,-1131157
577,-149178
0,-15902
1218,-36356
0,-45004
56726,-1363036
1,-6421
0,-45436
113032,-1011656
8056,-497341
181421,-4039790
238392,-959135
0,-30134
0,-17573
55261,-119131
21456,-273587
0,-263885
4038,-1201593
23799,-1196705
0,-6653
0,-13158
0,-20500
0,-135336
0,-816
0,-29984
203,-219378
2148,-104256
72005,-1347837
6867,-284400
591,-23305
0,-31399
0,-74975
0,-47795
41353,-483054
0,-27296
31,-51456
0,-327884
32158,-85716
0,-48314
29,-10177
331234,-352043
3534,5076
34659,5990
181025,160470
0,-20664
452529,-122543
13180,-36455
23,-482
724,-20663
0,-764
74,-11538
32,-14831
1129,-4005
10004,-70588
1079,-852931
36866,-370322
4252,-277080
7284,-11587
0,-277353
3978,-31808
10530,-1002919
48773,-1184533
29716,-58521
6016,-70223
26306,-716478
3559,-8110
3119,-23072
11018,-11877
0,-1785
213,-20632
43280,-1083
26110,-13334
0,-20024
14156,-166754
3767,-24472
0,-17028
845,-84920
0,-82813
2659,-21624
0,-39699
403,-6836
0,-32709
0,-22833
0,-12800
0,-175818
0,-32815
33,-10384
0,-7443
0,-3653
0,-1096
0,-22666
0,-4401
0,-2281
0,-574
0,-961
0,1732
0,-41213
0,-195
0,607
0,-17190
0,-13714
0,-8
1073,-1072
0,-5845
0,-239453
0,-31472
0,-6392
0,-15180
0,-22599
3680,-306669
9312,-626266
10309,-409699
0,-53
0,-3543
298,-633
13029,13437
6,-1765
12764,-51073
2674,2686
0,-124832
0,-61831
0,-59011
147,-29347
0,-53962
1470,-21090
81,-26093
0,-910
0,-20756
0,-149615
0,-13252
367,-491227
0,4847
0,-2619
0,-47459
75,-26338
0,-21545
0,-240
2971,10384
0,-139699
0,-30148
0,-48423
0,854
0,-6610
0,6316
0,-132526
0,7806
0,6775
0,1125
0,-489
0,-2024
0,-1060
0,-13088
0,-68245
0,13195
0,-41819
0,-4170
0,275
0,-1933
0,-138964
0,-139
0,-290
0,1079
0,-66553
0,-5939
0,-19644
558,-713812
2015,-7205
0,-52880
0,-11895
1046,-11535
0,-29491
0,-2002
0,-2275441
51,-52864
0,-39081
919,-433
0,-383258
535,-11270
0,-75827
0,-5110
0,-10
0,-21402
1854,-10347
0,-716
511,-18633
3486,-92653
50813,-143453
0,-4327
2791,-24468
0,-790
0,-5661
11426,1859
79170,36581
0,-3550
2817,-54857
0,-3754
0,-4654
3466,-22760
5928,-1398
39,-33218
17,-8267
3761,-45329
0,-121763
0,-2811
0,-9598
18942,-3853325
31298,230740
20144,2633
509,-21857
12580,-32174
3873,-505310
0,-7490
0,-1534
0,-176
0,-32352
0,-153180
0,-77272
0,-6431
2278,-235581
242,-57975
0,-17656
13105,-326695
77,-298115
64187,-342922
612,7937
28,-183696
37909,-239972
1419,-53141
0,-17854
0,-1340534
0,-22041
0,-4749
117,-7569
3429,-45362
1926,9632
0,-73618
4737,-6860
374248,-1553772
37607,-13260
0,-10884
0,-3830
0,-8
0,-37
0,-3170
0,6
0,-46
0,-24
0,-7358
452,-20306
0,-2354
0,-1221
0,600
0,-56492
0,-11328
9982,-28759
733,-17853
174,-80718
0,-1679
0,-136458
14470,-94817
0,-47284
4916,-49765
0,-236
0,-4672
0,-8311
0,-970
0,-109733
14,-62100
57321,-1918326
0,-91
95,486
0,179
0,-9
0,-90
0,-13479
0,-68
0,-2840
1476213,-6466451
18759005,14998991
0,-164532
6999,-189761
46958,-2614570
0,-18723
934,-741481
5460,-53428
0,-276302
17490,-215796
0,-115241
18,-84270
2985,-306247
106029,-4226285
76833,17453
13373,-137762
0,-25587
0,-14335
0,-1056
0,-25478
9570,-37406
0,-25394
667,-125324
0,-40153
0,-22938
0,-173730
0,-377783
74,-56925
0,-11826
405,-23140
11834,-831029
0,-61382
26832,-1242690
70461,-1154125
885,-299681
68083,-301231
3355491,2752651
0,-98
543566,301307
179474,-363219
0,-49064
692,-157453
5,-52255
0,-25664
966,-178994
1482,-116527
20590,-393191
28308,-212095
1,-88873
148,-920445
0,-10868
353,-6559
0,-118051
58401,-232346
2285,-408169
18829,-89377
0,-7033
469,-93225
34,-15791
10209,-55207
0,-353126
38409,15125
174821,46326
38,-3706
190,-93215
2478,-111278
988,-119433
208,-42538
2740,-68749
3245,-45802
15576,-383101
5440,-119543
261133,19270
251898,-49725
67483,-1492841
229,-46856
14549,-67649
361,-23818
91188,-299881
147641,-2741200
27465,-476135
7597,-177653
86377,-459117
81797,-801988
75645,-647565
1336884,647052
7861,-1447665
296249,-117216
1268,-14735
4974,-274034
777,-110034
1096,-324642
12889,-59916
71240,-40867
35645,10452
217549,34106
488,-8209
0,1076
0,-664
1380,-282143
0,-28324
0,-159972
493,-31990
30771,-371706
22403,-88023
2621,-93383
13398,-222354
20,-8138
40597,-329741
352781,-559968
8910,-263413
185,-72830
34631,-373683
0,-5884
1972,-40105
122459,-76520
64165,-151951
130620,-260489
389716,-205214
4702,-98809
148468,-745541
604554,142786
28275,-303929
63326,-59124
114833,-7411
3386,-10834
78602,-153292
2030,-22149
98,-6853
3549,-95682
439852,1118922
5351,-206591
12125,-110402
8596,-96579
8606,-415249
10943,-425992
0,-62654
11,-168433
9765,-94650
548,-220346
0,-16798
0,-4310
9,-85698
8338,-43692
648,-31596
796,-241288
7147,-19520
64,-45802
2918,-91623
0,-19332
0,-19921
109,-1979
174314,-1124203
0,-94251
1326,-59094
0,-9151
0,-20559
0,-728
0,-183357
11279,-209203
35,908
0,2983
0,-344
94,-36422
0,-22538
0,-1269
0,-62236
0,-2448
0,-193488
0,-1390
0,-30915
4431,-30053
7,-36781
41497,30948
0,-95868
0,-36046
1407,-61121
0,-24495
4707,-87535
16412,-181030
6126,-54230
20164,3668
1808,-15686
390,19534
0,-9442
2589,-178822
80,-13688
311,-232512
40633,-37037
21540,-201823
929,-75128
998,-30216
920,-13214
41,-46374
0,92562
0,-16396
0,-29138
384,-50506
868,-35689
3995,-734
271,-24777
33,-15007
0,-7863
0,-18073
2,-163281
0,-52872
0,-199811
996,-123514
0,-118064
0,-120248
0,-19112
0,-7598
0,-55709
0,-3399
48,-71361
5799,-3654711
258,-5348393
21,-313674
51,-32366
0,-28379
0,-127132
0,-334162
0,86036
0,-49399
17,-16240
0,-77298
0,-259967
0,-247204
937,13755
0,3173
0,9258
0,464
1570,252913
0,-110155
472,1272
1,-36865
0,-47372
0,-71395
615,-114838
0,-18236
0,-9322
0,-97119
420,-55361
0,-89313
0,-7779
0,-6846
0,-30921
125,624
0,-1799
372,-90572
1127,-113572
0,-20672
121570,-667100
9340,-101955
26186,5472
14705,-22699
79,-22249
4,-2069
7,-2875
830,-364741
202,-75473
3659,-380483
36,-3343
0,-3332
69,-33937
0,804
0,70
0,-31927
47,-5900
6119,9846
1860,295
0,-2314
19466,22367
0,-13016
15606,24545
0,236
2328,3563
0,-3834
0,-3440
0,-773
0,-258
727,6233
1512,3210
0,2109
3557,4010
0,-109
0,-102
0,-61298
0,-28782
0,650
0,-13839
0,-16618
0,-32966
5228,-15129
1672,-5475
0,-338
0,-8434
0,-873
0,-19510
601,-12153
0,-2064
39,-64433
2346,37278
16,-38747
0,9088
0,-32733
3166,-1135533
0,-133432
6433,-115981
8538,-329926
212,-41794
356,163
1794,-12700
4869,-2083388
8417,-940474
1829,-110561
0,-551124
6762,-53375
0,-13583
0,-121215
4503,-448717
790,-173378
4,-165937
0,-34386
0,-306389
0,-332827
0,-92641
0,-10545
0,-12763
0,-14827
0,-13283
448,-4163
0,-32921
0,-158036
0,-229
0,-1480
0,1049
0,655
0,730
0,-5866
0,3533
7271,7140
0,-277064
0,6145
1433,1801
14034,13788
0,-1114
75,2884
0,-15119
0,-11840
969,-93649
0,-69147
445,-268134
988,-21232
0,-12564
0,-196113
0,-540980
0,23
0,-14984
0,7
0,-55811
0,-148
0,-10566
0,-1105
0,-69727
0,-9486
0,-46219
116,-1110
0,-4475
0,-36351
0,501
0,-7038
0,-2584
0,-3595
383,-2488
476,-6073
0,14741
0,-2964
0,-25769
209,-64
1,-5317
0,-66
0,571
1187,-1290805
0,-32064
0,-1667193
0,-53424
0,-55815
0,-591684
0,-26778
0,-105839
2176,94075
0,2798
0,-86787
0,-2947
0,-30539
0,-348515
0,-73269
0,-13240
0,-83945
0,-198355
0,-29776
0,-407867
0,-9787
0,-16292
0,-33411
0,-99330
0,-13918
0,-651788
0,-259050
0,-44997
0,-11311
0,-4782
0,-8744
0,-2535
176,-3758
0,-2615
0,-21902
0,-45255
0,-5318
0,-107249
518,-12594
662,-4111
0,-22616
0,-6324
0,-27668
176,-44806
0,805
201,-295738
1076,-20640
0,-4384
0,-26727
2004,-10484
0,-426554
0,-43200
214,-29799
1696,-107225
0,-321203
0,29754
0,-978994
0,-75514
6498,-63135
0,-194950
0,291925
553,-758089
9,-414086
64,-4630272
78,-142416
3313,-777306
1211,-171138
7735,-151819
17689,-65943
3111,-2166
0,-166736
1026,-9683
3829,-36174
2549,963
12,-13279
0,1310
0,-9290
0,-6348
0,-23733
0,-488
0,-8226
5338,-53483
27783,-793928
0,-745069
0,-4286
2678,-94929
0,-27267
3170,-90004
4,-390192
1507,-18038
1635,-132300
781,-853374
10,-89234
23,-95857
0,-67632
7446,-151863
0,-1789
0,-2248
329,-64893
3098,-70429
0,39411
67,-1334
27,-10114
665,-43069
0,4928
8279,-18252
0,-17917
40,-991
0,-18283
0,-2081
0,-7261
0,-283
0,-1171
0,-10420
779,-21786
17,-602
0,3
0,-806
0,-658
12,-25129
0,-527
0,-1836
2299,-100745
0,-2475
449,-4201
0,5062
0,-6936
0,-27574
0,-1451
7050,-220781
0,305
0,-794
0,3930
0,-5416
0,-3770
0,-6265
0,1024
0,6453
0,22082
0,-3491
0,-14004
0,-11136
0,-13955
526,-20584
39,-8655
0,4139
28,-4084
0,-79
1705,114601
114,348
0,-6094
0,-739
0,-33254
0,-112
0,-8513
0,-888
0,-309125
0,-221971
0,132
0,-4894
0,-2040
0,-27066
0,-15
0,-4581
0,-118
0,-5635
16988,-258863
51913,50233
156491,-64260
7159,-5657
12037,8481
123750,126828
646902,651125
951,-1795352
792,-112733
0,-159371
15539,-19907
99,-122831
30,-758433
103,-336019
31,-292126
561,-193999
7334,-760293
0,-25844
347,-34370
362617,44910
0,-3830
4809,-479732
9374,-264720
4575,-422250
25558,-15343
0,-35422
676,-30192
0,169
0,-222983
0,-2951
627,-7862
0,-4888
0,-7909
6514,-38314
553,-17028
4092,-203847
5688,-196133
1274,-28239
12007,-57249
3480,-32779
494,-50774
0,-26857
10,-17477
0,-44966
0,-1900
0,-45655
0,-33880
606,-40100
3303,-61188
3320,-53233
0,-131330
364,-63658
147,-21903
1801,-380537
1083,-72264
4465,-895449
2761,-428032
2690,-900444
1094,-199420
874,-448560
0,-11010
0,-121213
240,-8668
0,-477508
4615,-253788
0,-32643
12312,-343648
2085,-119474
7943,-19307
1179,-66725
0,-153038
1693,-84243
6981,-330089
0,-5199
0,-5080
0,-20697
0,-24891
0,-2768
0,-188952
0,-72089
337,-79117
0,-13099
36346,-138047
325,-8918
25103,-588643
654755,296543
69319,-403479
55,-54864
0,-18945
78074,-978078
540,-427116
4711,-37216
0,-24140
1383,-37621
3832,-75690
2343,-26530
75853,-167506
215004,93379
18104,-101599
36548,-176211
194092,44476
143394,-136484
4528,-64646
6554,-198937
16490,-187924
7509,-128927
1285,-138733
439,-48309
0,-38102
86,-38465
26430,165503
86569,-39683
11210,-52199
82,3227
2134,-9638
0,-23354
7292,-114759
2182,-20571
33518,-177623
0,-19793
0,-12036
12626,-19766
0,-14738
0,-15839
294,-2606
0,9646
0,-4671
0,-338
90,-18323
0,-1467
531,-3214
10947,6320
1819,-74336
4697,-173596
0,-7008
82409,-946222
17,-4537
10179,-242095
678,-44770
78210,-729724
0,-1443
0,-9357
92435,91116
384286,-365305
72582,-112874
31309,-76443
1220,-3017
2552,1399
6221,-72690
43,-2051
2749,-4416
547,-7381
0,425
0,-1953
2,-18479
0,1852
84,-29313
249,-10672
0,-36754
0,-5350
0,-1769
0,-54492
56,-1385
0,-36159
0,-9381
0,37
0,16
7,165
19,-301
0,3552
1326,-35806
0,-10415
432,-15949
339,-4016
5574,-69048
11618,-13997
74173,-55714
23100,-147197
693,-15121
911,-66549
908,-4502
0,-15464
2246,-27339
2192037,2068256
0,757
0,-22228
0,-85
0,5525
0,-2491
0,-1502
0,-116077
0,-540624
0,-78201
0,-1161
0,15935
0,-780
0,0
0,58
0,1
0,26
0,66
0,351
0,-160
0,-517
0,5203
0,-485
0,-140
0,-309
0,-16663
0,-3281
0,-4608
0,20
0,-106
0,-145
0,-435
0,-211
0,-3501
0,-2660
0,-10825
0,-17261
0,-7120
0,-15452
0,-618
0,-1784
0,-1743
0,-5727
0,-56450
0,-18928
0,-18999
0,-31509
0,-4879
0,-4139
0,-7516
0,-22119
0,-7171
0,-6413
0,-1802
0,-1948
0,236
0,-2071
1401,-3098
278,-3059
411,-1457
9994,4147
1280,-4392
943,-9154
2474,2112
1121,-185600
355,-7226
0,-2085
0,-782
0,654
0,-55716
0,-159
0,-1231
0,-1731
0,-1043
0,-1201
0,-1372
0,-2569
0,-821
0,-64
0,-330
0,-161
0,-524
0,-780
0,-1193
0,156
0,-832
0,-1004
0,-162455
0,-1608
0,-15124
0,-1045
0,-756
0,-2182
0,-21387
0,-628
0,-666
0,5241
0,-2221
0,-526
0,-100
0,-323
0,-1270
0,-235
0,-695
0,-36
0,-7993
0,-1129
384082,317887
6015,-25728
1531,-8635
310,-104620
619,-68655
0,-6547
671,-2221
94,-33752
4971,-114853
1774,-130735
0,-21954
21512,-194420
1188,-964
520,-38521
14111,13103
0,330991
2759,-283218
513,-94266
4962,-229541
0,-26073
2826,-6695
310,-6390
676,-12583
0,-4734
1281,-3618
0,-30114
0,-74761
0,-39762
0,-4439
4221,-39551
0,-2966
0,-10793
0,-33645
0,-7704
0,-18435
0,381
0,-14314
0,-3494
0,-31727
0,-31920
0,-2393
0,-18665
0,-13057
0,-39176
0,-72228
0,-1968
0,-3402
0,-8
0,-1375
0,-2191
0,1473
0,13
0,-8425
0,-953
1991,-6003
0,-3164
158,-29036
0,-5424
0,-22110
0,-21579
0,-795
0,-3187
0,-4350
167,-9315
20,-10124
0,-219
0,-533
0,-6542
1207,-8781
0,-6300
0,-1057
0,-3991
0,-3817
0,-5
0,-154
0,-3451
0,-5136
0,-13437
0,-8707
0,1935
0,-15928
0,-7908
11,-5
0,-1757
0,-4713
0,-37729
0,-296
0,-9220
0,-104935
0,-5932
0,-1470
34,-32879
0,2097
0,-40467
65,-7582
0,27007
0,2553
0,-11508
0,-3620
0,-28685
0,-112304
838,-165659
29206,11879
0,-1052
0,-1764
0,18
1396,1266
1994,-6051
1275390,1518379
874,-881
0,-47167
0,-1532
0,-3425
696,-13299
654843,649015
0,-4962
0,256
0,-1191
0,2971
0,-5445
0,-12410
0,-963
0,-2155
0,-2496
0,-4798
0,-7119
0,137114
0,-1174
24,-39
0,-537
4619,-398161
1005154,1006828
0,-12596
0,39902
0,-76994
0,-8733
0,-14655
0,40453
96995,-30511
2405,-166387
13902,-313954
652272,601821
17998,341132
0,506317
1170,-189088
0,35561
0,69768
0,-5207
32,-3481
0,-25282
0,-3921
0,-61972
0,-121350
0,-27942
0,-26991
5,-15521
0,-8003
0,-7986
0,-3022
0,-5152
0,-22415
0,-243315
0,-16971
0,-11864
0,-4855
770,-4156
0,-13370
1704,-29478
0,38
18,-52945
0,6527
0,-68947
773,-149628
0,-86759
2043,-68164
0,-8368
0,3921
0,-1577
249,-9351
0,-8703
0,-2801
738,-7765
0,-5168
27,-2947
40,-12299
9478,-65604
0,-30817
0,-7775
0,1689
0,-82
0,-15410
0,-1173
0,-1225
0,-255768
0,-769
0,-5
0,-1226
0,219
0,-10139
3,-4388
0,-145
0,-5585
0,-1034
0,163
0,-87
0,-28
44,64
0,366
0,-101
0,-449
2639,1199
0,-868
10,-1372
0,-148683
4307,-732849
0,-5204
0,-121675
0,-5180
0,-21157
0,-175569
0,-1832
0,-7402
4,-24158
0,-244276
0,-27696
304,-120161
0,-53049
16,-3697
0,-122763
667,-13487
0,-9397
0,3180
0,-13146
0,-11651
0,-15406
4,-43479
128,-3771
0,-1879
0,-4571
0,-66977
0,-6304
20,-5915
1710,-1672321
7,-274592
0,-220298
32,13092
0,-12136
0,-2612
0,-107143
0,-19202
0,-106930
0,-45121
0,-124442
0,-7377
0,-531011
0,-4675
0,-103378
0,-43310
0,-21000
0,-4226
0,-1480
0,-741
0,-1327
0,-3359
0,-4119
0,-4564
0,-7434
0,-11
0,-7449
0,-12247
0,743
2931,-87912
0,-70731
0,-3821
2470,-33801
0,-16831
2663,51745
0,-76753
0,-1179
0,-63681
0,-35072
0,-37262
1094,-81468
0,-156222
0,-156446
0,-11159
0,-22221
0,-33449
0,-162988
83,-24716
0,-26827
0,-100728
0,-108
0,-347
0,-141
0,-2437
0,-1425
0,-5125
0,-6583
0,-2425
867,-2018
9158,-165464
24707,-67644
3272,-20726
1142,-21041
458,-23204
0,-1575
0,1616
668,-68520
553,-180538
0,-40839
0,-937
0,-8259
21974,-113802
0,-21770
13978,-182714
76079,-10752
943,-12403
0,-15806
75971,-103764
374,-9037
11014,-40126
54194,-355046
22007,247
142,-36821
18728,-32878
10067,-165722
0,-3294
3889,-16330
17331,-119595
720,-16629
2110,-18778
563,-33636
1677,-46275
0,-7838
8970,2068
2783,-104947
872,-20684
0,-18088
0,-2068
4239,-6371
3682,-50762
0,-58590
0,-5729
0,-26774
7470,5768
10239,-25472
5102,-116342
275828,197856
19765,-91536
4938,-9749
0,-5709
72195,53029
0,-8382
72,-13933
21153,-138891
21440,-221752
2425,-101278
6727,-42291
0,-846
1951,424
605,-50934
0,-8671
528,-53740
0,-15620
0,-190
0,-477
843,-45171
46,-4710
4,-14864
120,-8401
0,465
0,-19727
0,-163937
0,-62467
11,-3730
0,-321199
0,-63962
0,-1231
0,-2605
0,-8606
2102,-2826
6558,-13929
2284,394
11,-5206
0,-9518
0,-99663
0,-223808
0,-60089
0,-26286
259,-3798
0,-15335
8,-16255
2829,4306
772,-76301
0,-23520
9,-11694
8811,-19612
6973,-9046
0,-14461
461,-104516
60,-66682
0,-82418
0,-79381
1202,-1144469
6220,-71657
133,51064
75,-8972
0,-2440
0,-15646
0,-299
194,-2057
700,-2583
0,-863
19,-281747
62,-74485
0,-180095
0,-2704
15,-12056
0,-3342
0,-3379
55,-18863
101,-23509
16016,-180868
0,-5435
129,-26489
0,-45710
0,-4798
0,7367
0,20545
0,-8381
0,-104066
19,-41012
0,-4329
1125,-93919
0,-36478
0,-21453
1583,9667
0,-12798
0,-10105
0,-50978
0,-9693
23879,-61525
1318,1051504
0,15668
0,-4884
0,21339
0,-2862
0,-129804
24987,85809
158,3344
47,15354
0,-227
0,-6459
0,-1758
4,-2316
0,-6620
0,244812
0,-11595
0,-1592
0,-2925
0,-49
0,-824
0,-52237
0,1525
0,-4147
0,-1334
0,-203
0,-2553
0,217994
0,-15681
0,-12898
0,113769
0,-8724
0,1794
0,6227
410,-578772
0,-16702
4,-175664
0,-853
0,-17241
0,-2383
0,15586
0,-1894
2128,74502
433,-22313
86,28409
251,-14646
0,-36758
306,-6371
0,53380
0,-25517
0,-20214
2546,-15096
0,-35447
244,-26550
1834,-54358
2553,-27767
330,-54292
1081,-44256
4172,-254050
1040,152478
437,-79652
0,-62348
7345,-150039
0,-14729
0,-247244
19,-3459
0,-12274
7676,-16329
0,-7733
0,-28302
0,-30639
1789,-211334
120,-118419
0,-80719
752,-82017
65,-31010
72,-37752
0,-23643
23,-17234
5568,-18213
9248,-123539
157,-62118
3905,-67230
161256,-567655
39747,-7350
8925,-115994
19546,-513441
2223,-99509
2150,-134529
3347,-483716
592,-8855
0,-50427
843,-106311
0,-34598
483,8169
0,-35283
0,7819
0,-35578
333,-74990
1103,-510410
823,-103758
9994,-64419
20794,-210168
70928,36600
769,-59445
3104,-216466
0,-106075
13,-21509
79366,-3209270
9270,-1372430
0,-108912
17,-14951
0,-15785
1901,-191616
540,-163075
2073,-53964
30064,-766157
8017,68261
4767,42279
313,-41052
0,-42088
0,-31468
0,-2256
3,-53537
0,-12180
0,-59259
0,-35244
507269,-1066783
14185,-271711
4321,-53677
9347,-74437
0,-21929
0,-3751
0,-3820
2,-14179
0,-3243
0,-12851
4,-129606
0,-159272
55,-225661
0,-42335
0,-3553
0,-57301
0,-13861
155,-8968
3796,-87599
130115,-38036
1378,-740267
8911,5149
0,-15208
0,192228
0,-9154
432,-38898
0,-3427
0,-68207
0,-42646
94,-32189
0,-10628
53,-20779
256,-10326
492,-4252
0,-10741
0,-2699
0,-5574
0,-4034
0,-39093
0,-49808
823,-11744
0,-162986
0,-120141
5997,540155
0,-38235
25,-71003
0,242015
0,-74904
14,-304555
20,-189404
3076,-143830
0,-47628
13830,-1814883
18254,-513686
11694,-711616
0,-94353
0,-32846
0,-4538
5202,192735
0,-5006
0,8951
0,421613
1821,42426
0,-58049
735,-179691
1245,-42975
12942,-87286
608,-19318
4013,-1037521
2678,-1556755
0,-33428
1689,-2831472
0,-5692
887,-580507
0,-26814
0,-294081
205,-23847
21509,-828046
15406,229055
56565,-432839
37949,-4561122
94841,-28906
793,-455596
1080,-622188
0,-10697
6419,-668430
113,-414338
1087,-288119
0,-43443
304,-11513
0,-87764
0,-5922
0,3775
0,-42697
0,-22131
0,-51834
0,-72394
0,-199572
0,-49287
16531,-76392
313,-102038
300,-164733
8,-74478
13098,-394026
413,-59799
905,-156473
0,-77081
28616,75497
196,-30643
0,-32962
15451,-255004
27458,-88864
543,-57213
13397,-94512
0,43977
0,-8562
1445,-42562
14488,-253984
0,-126183
0,-9521
2953,-354509
0,-14139
0,-15357
2192,-106911
1561,-57575
9766,-79716
1394,-40248
4497,-224539
0,-627831
173,-96374
0,-879
83,-7974
0,-14991
92,-3429
1,-148087
0,-36471
0,-22250
0,-6993
0,-17955
0,-103093
0,-3143
0,-264
0,-15703
0,-19462
318,-22204
0,-761
0,-967
0,-2416
0,-20358
719,-50747
0,170
0,-1100
0,-1977
324,-463808
0,-152226
0,-16443
0,-20790
31,-83772
37,-64894
0,-9018
832,2873
0,-34921
0,-3145
0,-8900
0,-26238
0,-4708
2769,-40141
0,-1735
0,-8640
1257,-14210
23430,26579
11,6682
15138,60940
244332,-1326221
31949,434640
1059,-119441
560,-208302
136,-1880
153,-54564
98,-166812
0,-13485
5556,-65465
3,-15542
4,-72986
0,-19504
114,-6153
13158,-428218
0,-14229
13174,-277833
0,-8294
41,-35422
2974,-3951
0,-14900
94,15622
0,-58586
1799,-29955
3223,-49614
0,-306
0,-10354
0,-36621
25,-155
81,-6882
1082,5013
0,-40712
2659,-83103
0,-3084
63,74553
0,-4253
0,-3129
0,27493
0,3533
437,-60202
648,-41116
0,-8114
0,11895
0,-377
1393,-16325
117,-38112
0,-13852
0,-8477
162,-9520
0,-44327
8282,-19957
0,-70027
1796,-8227
782,-13850
0,-13952
17310,-105849
1350,-10932
718,-10470
5,-54104
0,-8854
0,-61862
43,-17721
580,-214474
239,-58426
0,-15210
2777,1338
0,-2704
447,-19756
361,-79671
216,-132714
0,-19777
0,-52524
118,-36943
47,-29231
0,-14356
0,-3527
0,-9242
105,-5752
0,-3239
0,-730
0,-433
0,-2980
0,-11037
43594,50131
0,-20466
1687,-69232
0,-4425
11517,-152950
112,-8974
262,-15790
22,-35946
0,-8054
0,-29323
0,-20420
0,-397204
16161,-132174
472,-192405
23715,-2289201
0,-37084
21,-233736
976,-602972
0,-706166
1725,-531080
1412,-263592
0,-46082
62,-689768
0,-619887
0,-42887
0,-58072
2710,-83828
0,-17626
143,-1424570
566,-423782
29,-142584
335129,-284046
3384,-249727
6682,-172189
7198,583578
0,-135487
525,-167122
535,-37051
13758,-10182
5310,-203908
2810,-27145
0,-281
0,-19
16,-505
0,-4486
0,-39881
0,-2751
0,-38178
0,-40131
0,-5030
172,-116372
0,-11707
0,-6786
0,989
3220,-70271
85,-44554
0,-10038
0,-23643
0,-28014
222,-64604
546,-18832
0,626
0,-5280
7,-16332
0,-10664
20,-43019
262,-3074
5386,23706
0,-2026
0,-53
0,-1128
5294,-20349
18292,13175
0,-206
0,-2989
8828,-205649
44,-46601
38,-38954
271,-38348
0,-7045
0,2054
0,-7011
0,-11195
1266,-21397
766,-34499
203,-53688
3070,1722
926,-152401
46048240,46026619
2465,-51504
16781,-2826642
25996,-1622933
1683,-400551
0,-43020
5,-56678
3485,-10589
0,-9807
1085,-55922
0,-353
4676,-30185
1364,2698
36,-384
291,-39014
306,-749977
0,-21449
7152,-466626
11088,-79626
68858,61426
0,-22094
33,-26931
0,-152451
14,-511634
0,-28290
0,-10970
3205,-117190
378,-162492
0,-72578
16741,-289162
0,-54972
9986,-604979
129084,-1259515
6509,-16405
13193,-93767
1024668,156233
0,-1700
117,-115173
3760,-94495
22747,-1047452
11687,-241426
53,-238395
2227,87356
5135,-9907
2907,-134207
503318,571114
112,-13069
26857,19117
18145,-821
16177,-250187
6534,-40928
2805,-20709
118355,-296309
23,-22214
13190,-107463
0,-1398
2295,-8046
266,-281776
205865,-878654
57592,-41663
67,-6859
48,-3662
7,-31589
0,-10571
10,-52082
2020,-7633
0,6216
203,-7172
0,-61
447,-64960
0,-4182
433,-27852
873,-74938
0,-1248
0,-28497
0,-2821
0,-2757
0,-2642
4,-12579
1049,-74260
0,-321
17,-2753
0,-1177
0,-3758
0,-3552
0,-28916
0,-11231
0,-963
19,-5036
0,-3108
0,-13509
0,-48550
12986,-134190
1296,-190209
0,-337977
615,-141310
0,-22116
0,-40632
0,-37683
6138,-116044
82756,-58510
57825,-325132
0,-4234
0,-1765
0,-11136
4220,-41899
1070,-97110
15688,-297092
3,-78181
47428,-343881
3155171,-522142
9122,-565144
181,-14172
1300,-16296
51,-129219
23,-2404
28,-20919
12239,-640089
598237,275839
588382,-288776
4420,84251
120347,490389
0,-10317
63,-6914
0,-26336
0,-5765
94,-18235
0,-85714
794,-28017
283,-44476
103,-77472
0,-10237
2891,-20680
138,-5460
25,-17069
5,652
1093,-61871
4327,-27610
0,-6384
0,-10258
0,-3824
0,-520
0,3457
0,-50600
1934,-26962
0,-53377
0,-64554
1053,-3593
18453,-244122
378925,-669861
15694,-1884258
39413,-237389
4717,-11937
856,-35774
25979,-41425
2935,-110342
31572,-197516
5956,-88230
21880,-201926
0,-34561
6961,-137845
4575,-150006
0,-45873
1871,-28351
1355522,-127904
30858,-211916
0,-411
0,-2838
50652,-179022
42,-19828
13453,-80449
11600,1016
43298,-254696
0,-56970
8733,-26093
1831,-3360
64846,-36739
53178,12357
0,-50592
750064,1232246
36,-161207
0,-20572
825,-29022
10981,-378078
0,-40712
0,-110
20108,-196974
0,-3806
0,1072
0,-6253
0,-5460
0,-15246
0,-2522
0,-115631
16202,-223343
0,-448
0,2298
0,-4962
0,-43825
0,-17187
0,-2421140
0,-14493
0,-48616
0,-56430
0,-1727475
328,-134745
84,-291289
96,-83395
93,-123526
0,-209819
0,-16715
0,-9657
0,-66092
3769,-4994
38885,-40159
14040,-250936
17070,-1437957
2980,-27332
189214,-1484669
47300,-427439
0,-50518
29,-11192
230,-5223
0,-366
7237,-76645
56748,46563
0,-875
0,-157937
0,-434914
0,-659
0,6169907
0,-19969959
0,44062
0,473234
0,-118532
0,-340
0,-2691
0,1407
0,-48810
0,-4004
0,-10751
605,-319804
0,-72268
464,-1714
0,-2667
0,-172299
138521715,-32238513
0,-376387
83,-82234551
0,-263560
0,-2167
0,-11688995
0,-7631
0,-5633
26,-23257
0,137
0,0
0,-1641
0,-19
0,-20212
6480,-5704202
0,249032
0,-1200
1064,-308136
2136488,-53381126
0,905887
0,-12970
0,-55966
0,-829
0,-46
0,-4256
159,-24557
77,-48561
30,-2246
0,-992
6205,4424
4721,2405
0,-1460
12,-107548
0,-8664
0,-876266
99770,-105669
147,-14549
4860,-49216
0,-20519
0,-360731
0,-45376
141,-114070
348,-9054
8224,-26
0,-76727
0,-44463
0,-106526
0,-42647
0,-99652
0,-132502
0,-60835
0,2004
1562,-24885
0,-16736
0,-50
0,-370
0,465
0,-9850
0,-26248
11256,-643277
0,-3722
164279,216069
306366,-477891
17214,3147
115073,195692
60660,59574
6552683,6696038
335320,355052
135,-152234
24758,-23502
0,-9948
0,-46581
0,-140957
84,-19002667
514,-11495
4,-524454
1708,-1150256
0,-1707569
0,-167280
0,-147506
0,-395730
76,-900913
0,-1006378
0,-1805583
858,-2913783
0,-322107
6316,-9903761
2136,-6865205
0,-794638
0,-212464
2167,-778415
0,-17905
0,-405634
268,-1716232
0,-38198
0,-46387
0,-48733
0,-177607
0,-4606
1383,-225063
503,-107856
79375,-2308245
11687,2730
2796,-267269
41629,-954158
9126,-6199942
725,-156916
0,-524393
0,-20428
763,-1048311
0,-125403
0,-2686
0,-119421
0,-445299
0,-4677
0,-27329
0,-84405
425,-20967
0,-19761
325,-510058
0,-214950
0,-31752
0,-16806
68871,-1318686
1346,-377679
9375,-1484443
2788,-2771318
47,-1606925
89958,-139002821
4652,-130807
0,-1039144
354,-3470317
0,-79363
0,-47412
2423,-79565
543,-1491301
0,-1158182
0,-52134
1593,-3616426
1035,-2345895
0,-6375428
0,-629640
3773,-2075591
351,-32078
0,150
0,-79979
3399,-455594
31907,-283829
110831,-952073
1203,-65921
4930,-199635
0,-121847
33,-7833
268,-223917
0,-20326
0,-61935
0,-40796
0,-454128
0,-882957
0,-1840994
0,-185356
0,-72883
0,-60104
0,-135921
0,-540036
583,-107393
2072,-75616
9908,-399707
0,-58443
0,-10360
0,-32538
0,-20299
8755,-412833
28353,-52949
3313,-152111
0,-67461
26141,-1330356
1568,-142929
8072,-1255217
0,19268
0,-3519571
0,-707143
0,-11614
0,-91802
0,-337349
0,-534
0,-28764
0,-13334
0,-14604
0,-280184
0,6807
0,-12347
0,-113904
0,-889
0,-57
0,-77904
0,-955
0,-252857
375,-860358
0,-11648
1,-580246
268,-250783
648,-123206
5565,-2053074
0,-47621
0,-14422
0,-7047
0,-40069
1512,-2180699
760358,670418
53956,-221098
0,-155485
153,-149136
10254,-155511
121750,-2758785
243035,207958
310,-3538197
0,-240651
19260,-658074
338,-32773
15611,-4583575
10798,-519850
2115,-490085
2466,-752028
5121,-807927
0,-42441
0,-220222
240026,-3808303
61,-11537980
240,-451972
0,-1826221
0,-1337371
7256,-777952
3559,-415116
18935,-118336
0,-630006
0,-444902
0,-38574
0,-45742
12048,-1974623
708531,-58006
0,-253715
0,-243442
0,-153500
22494,-3877048
16852,-630305
4253,-895694
3714,-878618
43167,-142106
4072,-344083
4194,-887576
1466,-1685711
3416,-468426
8709,-1019825
4490,-880085
21667,-2492314
471020,-584975
15975,-699641
940863,-6067357
0,-615382
4120,-918160
130,-217324
71223,-642060
901,-4837
135,-5662
595834,-12172600
8994,-526798
476069,-667466
38166,13547
58643,35061
10216,-34259
15645,-36750
2773,-81873
3455,-142008
8175,-265642
0,-114336
5541,-41211
10753,-293692
1016,-390596
19083,-3665285
308,-76883
0,-54010
1548,-64416
0,-47697
249,-45149
232,-51809
8488,-90102
3816,-55178
2245,-109300
17,-43301
7539,-16976
0,-111144
4457,-182886
0,-23332
4,-26609
10146,-31154
705,-9235
0,-78021
0,-89068
250,-57975
22,-135985
0,-303881
486310,58783
0,-5597
0,-2223
22659,4678
9314,-102809
0,-45037
1143,-72971
0,-35056
4686,-59344
74721,-1905795
2745,-453572
0,-562653
0,-43668
2423,-141875
0,-40804
0,-21144
0,-79001
0,-12459
820,-15813
0,-3705
1331,-71256
269,-19187
2104,-55498
3977,-202395
0,-12837
0,-841
0,-191526
0,-13700
0,-5840
0,473
326,-8837
0,-694
8,-6102
0,-35577
0,-3467
0,9894
0,-2482
31,-162141
0,-12124
210,-835
0,-14827
18499,-501380
0,-4397
0,-44856
81737,37882
4090,-32944
1985,-25091
42817,-861518
3772,-543271
107943,229976
3763,-293979
69,-10068
88,-35011
11134,-724222
18341,-729299
0,-9864
0,-2055
0,-630
0,-189353
0,-121091
2494,-326945
0,-16329
0,24
0,-480
244259,110352
267,-23102
0,-97070
0,-4424
0,-83
3179,-20565
0,-16644
2960,-224349
0,-29281
0,-15719
2479,-32771
0,-1814
14,-26579
4876,-626231
459,-50337
1114,-17948
0,-72563
0,-54940
0,-18145
659,-54121
790,-79181
0,-12692
145237,-458444
0,-106807
171323,-1086155
0,-1014
0,-1403
0,-5306417
0,-75370
0,-9670
0,-6032
0,-53168
0,-1680
0,-24281
2498588,2881315
0,-2848
0,23747
604,4667
1478,-3009750
6314,-71051
0,-115132
0,-9575249
3120,-202025
0,-18908
0,-4111
3657,-25782
97,-427570
229,-184175
0,-224667
0,-38805
0,-18452
0,-6307
0,-135015
0,-49091
0,-288830
0,-369627
0,-6395
0,-14
6857,-1434840
0,-1661856
0,-1196033
0,-181771
0,-150725
399,-514824
102,-706163
24,-3308
0,-3814
0,-7909
4299,-94716
0,-16507
19317,15087
0,-15320
270,-338098
0,-1420
0,-1866
6289,34022
0,-99332
0,-10561
1486,-3591
162,-25060
92,-4417
0,-25165
0,-21119
0,-88
0,-1974
3320,-169916
0,-19
0,11467
0,-120540
0,1326
261,2570
0,-8261
0,-175
0,-11452
0,-1231
0,-84833
0,-12083
0,5694
0,-475
0,-556421
48496,-348859
1934,-1471
0,-21667
764,-474
588,-22938
0,-33559
541,-42067
1187,-153142
8,-69723
3956702,-211486
1970604,1252594
1442029,1229339
0,-50767
0,-36711
204989,-1751563
322881,-464077
227720,-1602568
413650,336494
8040,-7741
21778,-11957
7,-27281
33647,-1794077
42455,-4990734
20170,-860354
112603,-2925234
23433,-358357
19854,-563967
5897,-44760
15201,-207158
6340,-396351
7576,-383410
1173,-96912
14742,-132719
24781,-434053
0,-113472
48418,-627169
14338,-192819
630,-114754
7,-58040
130,-27740
2668,-47976
10939,-66415
1549,-12959
111242,-1839883
4467,-204974
29115,-9775
798120,-159454
32612,-71992
3775,-59400
151134,-532482
513,-17100
0,-8472
89,-832170
0,-3275
0,-70776
10998,21169
3876,-143472
76484,-369916
2662,-73375
162,-67890
4427,-61957
1877,-14127
42,-22349
0,-1448
16,-21280
32,-125866
224,-7470
1923,-143673
0,-2742
157,-158405
86585,-303402
0,-71939
0,2700
0,8743
55574,72579
0,-10961
0,-17183
0,1069
0,-12261
0,-1190545
0,-18230
1080,-47245
64956,63520
2000,-117209
0,7556
11028,-23068
8804,-178414
0,-10427
0,1005
246,-1324
1543,-130576
1137,-1670
0,321
0,-185
0,-8349
5625,59
103,-42521
983,403
0,-746
0,-1150
118324,109585
9193,7355
13,-4916
13,-2428
7191,7541
0,-20895
2,-1065605
94,-94
0,-18
343,-87673
0,55791
0,-3668
0,19
0,-91858
3321,3583
0,-4216
0,-704
0,-25424
0,-15145
85,-16229
3,3
0,-22121
311,297
0,-1008
0,-475447
0,-266
25,812
0,65
0,-1205
0,-2715
0,-40827
2931,-100638
0,-3623
0,-13447
0,-2790
0,-161
11,11
0,-80
0,-42408
11,-148
0,-932053
38,38
0,-858
0,-442
0,-15892
22,22
0,-6262
0,82
0,35518
0,-5787
0,-380
0,-2777
0,-87182
0,-2890
0,-13214
0,777
0,-22649
0,-4578
11,-47584
0,-58749
0,-65003
2822,-41557
0,-132023
0,-10349
0,-54532
5,-120392
0,-37228
0,-168220
0,-78850
108,-99218
32,-92760
0,-85173
0,-36362
1615,58092
1771,-268950
0,-72151
11,-5862
381,-17150
0,-24318
0,-5218
21,-196108
0,-7335
324,-191678
0,-3542
8,-55290
776,-11484
0,-84377
11,-83263
0,-409098
3127,-238765
0,-93672
3277,-45441
2296,-794902
0,-39739
0,-50563
0,-21787
0,-93020
0,-38000
1682,-50184
427,-115743
0,-1901
0,-87826
0,-32714
0,-33586
7209,-41766
0,-13980
0,-10956
0,-62005
5,-5605
0,-11854
0,-40986
0,-1884
269,-351384
0,-94265
0,-206789
0,-562397
76,-270389
0,-57238
0,-26649
0,-5590
0,-43538
0,-15709
4,1789
0,-51751
432,-428258
0,-57821
0,-261874
20,-42732
0,-37323
0,-39713
0,-77595
0,-34922
0,-6269
0,-4085
0,-197627
0,-2209
0,-220202
0,-24805
0,-239199
0,-51067
393,-134617
11617,-920507
3311,-1108855
0,-416446
122,-275789
8784,-256780
9,-457150
2805,-250591
6782,-54851
35779,23917
2728,-11915
0,-133
282,-116596
0,-138007
192,-67444
2555,-35128
0,-47686
0,-6217
0,-35255
0,-276088
1396,-61641
13031,-623168
2836,42788
774,-54398
0,-12436
0,-36740
0,-4389
0,-6074
0,-18230
0,-9948
0,-3362
11,-12402
0,-421
3295,-47758
88,-5496
50309,-83068
286836,-178096
0,-14018
8960,974
0,-506
4305,-40957
0,-10464
0,-10955
53,-9964
0,-22081
7887,-1357694
3563,-361744
260,-233397
30373,-338893
0,-3656
10,-735
0,1126
0,-138278
0,-91794
0,-17451
0,-1290704
0,-203457
1427,-1207840
0,-75965
0,-55599
0,-24827
13848,278899
0,-217241
0,-238632
0,147590
0,211443
0,-82005
0,-473126
121,-236723
0,-451098
0,-943950
0,-14171
0,490
0,-2229
0,-5079
0,-4597
0,-56073
0,-233102
8888,-244118
11160,-1204889
141,-32335
60,-1116205
0,-1840613
0,-752256
55,-98979
0,-379035
0,-59647
0,-12421
0,-149728
87,-1296679
0,-154481
0,-36195
0,-8865
14,-93087
0,7239
0,-3799589
0,-232866
0,-61225
0,-66491
79270,-8593681
0,-2013778
869,-10798844
0,-70195
221,-459134
0,-33316
0,-45432
0,-51811
4393,9840107
0,-669388
6546,-77572
0,-497612
0,-597450
0,-60882
0,-284246
0,-534895
521,-496179
0,-187397
3701,-3827114
252,-221765
70,-249804
713902,-49801
0,-31313
21819,-3325073
0,-71612
0,-283842
0,-18823
6,-1358902
0,-1071794
586,-432460
0,-1090674
0,-181455
0,-2737912
86,-2158641
18061,-4198371
11,-164442
6926,-2174338
5688,-906240
45425,-1644165
903,-811761
10597,-772389
6174,-1785442
112510,-2993694
0,-66329
0,-203971
5,-2058
0,-145705
25,-217507
147,-70643
0,-2083
70,-265343
0,-4009
0,-132343
0,-169729
2821,-709743
1453,-817614
6128,-996531
35,22303
4578,-41560
0,-62349
165655,-495045
11604,-487491
142405,-19673
0,-42640
0,-39610
0,-139557
0,-480232
7100,-1081808
175,-19477
0,-137081
114024,-670252
0,-43443
25,-99538
0,-140567
3,-38359
573,-2538
0,-9080
0,-237132
7,-327447
15639,-1897748
7,-413864
0,-731533
416,-6868658
0,-1272255
0,-17008
20,-22260
0,-10309
0,-15822
0,-61205
0,-135125
4426,-240017
32287,-1164552
0,-11360
656,-2448206
0,-35675
31323,-264049
178450,-231801
12601,-804775
0,-59587
37506,-1514427
243,-176176
209,-88703
0,-26779
0,-694043
0,-4416
0,-19799
0,-562011
82,-600313
0,-64182
0,-21869
0,-20442
0,-39670
0,-21691
0,-48859
0,-100016
15457,-638965
0,-47502
0,-10549
349,-491084
0,-226737
9,-15973
0,-101101
0,-53053
0,-2061848
193,-116398
0,-118478
5699,-632313
134,-237607
2,-232535
150,-158042
0,-558432
0,-301036
108,-752727
0,-192202
882,-1115584
97,-264612
0,-798262
0,-9119946
0,-287716
213566,-4686403
926,-2777756
0,-269913
0,-744096
0,-291965
0,-2413629
5,-966007
0,-5000070
0,-1036264
0,-46575
0,-57506
439,15957
4626,-642334
0,-771787
0,-6930
18439,-4467069
0,-3551557
15937,-552504
4426,-1337004
0,555
2258,-970802
1153,-9826396
1,-5978569
226,-3940702
0,-892272
0,-19095
0,-85778
0,-67542
0,-4155738
0,-327908
0,-130115
0,-197798
0,-252643
502,-608740
487,-618096
8,-1479002
27,-785705
2253,-345105
0,-293511
694,-2284287
281849,-10756499
0,-7465014
0,-1356
0,-18687
0,-11451
32,-1532
0,-123598
81516,-200713
0,-128943
0,-45705
0,-82729
1,-10806
0,-9738
197,-6405
0,-2032
0,-1364
0,-1677
15,-3356
0,-62501
0,-5347
0,-25164
0,-55503
6972,-334346
0,-30218
117,-90107
0,-13173
0,-88368
0,-6143
0,-6182
0,-17681
0,-19609
0,-11141
0,-71769
0,-58465
26,-147212
0,-40109
0,-217
0,-5035
0,-82349
0,-47658
0,-279090
0,-168624
0,-2751
0,-507509
0,-5910
0,-7014
2926,-52471
93,-442777
0,-188629
44,-218218
0,-367
51,-76385
0,-20900
0,-153671
0,-56054
198261,-327236
0,-130048
5471,-160387
0,-1230755
0,-414042
0,-109983
0,-2796
0,-8986
0,-112509
0,-3375
0,-614689
0,-389256
0,-233111
0,33219
156,28710
0,-370484
0,-123036
0,-900082
0,-322225
0,-80425
0,-318
0,-57
0,-410011
0,-629139
0,-12974
0,-245
0,-70762
3411,-2244
0,-21766
0,12778
0,61793
0,-200578
0,-78828
0,32769
0,-1622
0,3
0,-63883
0,6564
0,2
0,-26458
0,-96708
0,-3412
0,-6039
0,-68131
0,-695
0,-2912
1923,-10919
0,-13765
0,-1811
0,-9753
0,8086
25,-9203
0,-1998
29,360226
0,24075
0,-3273
932,-101238
0,-488930
0,-24082
0,-74490
0,-30145
0,-103015
0,-23749
0,-14311
0,-93184
0,-64380
784,-31451
0,-25613
0,-53598
0,46347
11,-16605
0,-44877
0,18848
0,-3865
2,-4264
0,-2708
0,-2169
0,-13055
0,-141422
0,-3961175
0,-30342
0,-119742
0,-21772
0,-101591
0,-547037
0,-101969
0,-12378
0,-24200
0,-24687
6833,-164542
0,-81340
0,-9255
4390,-115643
2686,-86418
2,-81218
0,-120108
0,-9058
117,-133313
0,-125557
0,-3301
0,-42142
0,-35617
0,-23152
0,-13101
0,-60745
0,-89273
0,-99404
0,-1667
0,-38336
0,-8276
0,-14343
0,10520
0,-5377
0,-6025
0,-45189
0,-51598
0,-624
0,-144513
0,-277730
0,-27503
0,-63662
0,-493297
0,-698436
0,-98626
0,-214442
0,-179935
0,-91978
0,-252998
1107,-164711
0,-31465
0,-6339
0,-405505
52,-215054
103,-284197
0,-142722
0,-465619
245,-102519
0,-143120
0,-231009
0,-68073
0,-151965
264,-263491
30,-26324
0,-274809
0,-81859
0,-14085
0,-8994
0,-151471
0,-44550
0,-251795
0,-323506
0,-74755
104,-93073
0,-12282
0,-268250
0,-7216
60,-102143
0,-4258
0,-26378
0,-32123
0,-93623
52,-382011
0,-154521
0,-960013
0,-24325
0,-110558
0,-7516
0,-56867
0,-350286
0,-38395
420523,321967
0,-186874
0,-371306
0,543
0,6189
236,-79019
0,3672
0,33847
0,-360
0,-93125
0,803
0,-2643
9,12066
0,-7733882
0,-967533
0,-992532
0,-933590
0,-2400941
0,-741083
529,-1694753
1170,-217348
0,-59392
0,-13842
0,-77030
0,-21346
0,-2150
0,-12471
0,-34292
0,-63721
0,-53889
0,-223998
0,-1045370
0,-22812
0,13675
0,-19524
139,4885350
0,-86389
0,13378
8,-502822
0,-3738947
3112,-1750576
0,-460402
0,-390015
0,-3035569
2459,-4512071
54,-129633
0,-7515
1337,-674037
2075,-160031
0,-26563
0,-880
0,-11626
0,-103826
0,-65893
20705,-909192
0,-549783
0,-238410
0,-32576
0,-100123
0,-44483
0,-747630
0,-1969859
0,-139684
0,-1273
0,-337255
0,-109512
0,-9475
0,-451975
582,-79839
0,-72646
0,-907309
0,-28827
8214,-1161108
0,-207937
111,-1068981
0,-47190
0,-21775
0,-2352
0,-74472
0,-15127
0,-3496
26,-54199
0,-23818
0,-21278
73,-4307
0,-8428
0,-91085
175,-2873596
0,-2539644
0,-17280
0,-14227
11340,-18032
0,-8422
20114,16164
8,-34662
0,-47922
65593,-712935
14134,-71839
235,-143074
1725,-821555
34,-445339
2494,-1579147
12900,-2764792
4925,-799394
0,-7354
0,-705966
54,-417362
1337,-265326
0,-245722
0,-479550
0,-341844
34543,-9953169
137778,-1663361
0,-855641
0,-223306
0,-85566
0,-30222
0,-80044
0,-254678
0,-15669
0,-45842
0,-161255
3017,-29477
509,-295097
13,-599224
12,-214944
0,-161435
0,-195658
672,-439883
665,-371931
0,-382247
0,1215
0,-41
0,-207
0,-1057
0,-32587
0,-8155
0,-543
0,-1484
0,-1231
0,-7569
0,-656
0,-50
0,-504
0,-10227
0,-1416
0,-39
0,-1465
0,8168
0,-343
0,-14781
0,-10927
0,-34792
0,-164200
0,-709469
294,-115153
0,-12122
0,-65794
0,-13171
0,-10364
6982,-48206
0,-195480
0,-117572
0,-531174
0,-311838
305,-130543
0,-110166
4970,-39518
0,-645520
0,-1050686
0,-3095615
0,-4814148
0,-958548
0,210408
42,-438163
0,-30033
7,-861574
0,-576504
90,-671728
502176,-315705
14412,-3657529
6812,-975464
890,-516451
45987,-676533
1115,-6000593
0,-602339
296,-1538551
0,-334962
2038,-436565
18526,-1074020
984,-48827
0,-29876
0,-20516
0,-70256
349,-519133
0,-132637
0,184
0,2091
0,-600
0,-31702
0,-46727
0,-88604
0,-29577
0,-2737
0,-181888
0,-68295
0,-17908
18351,-1607072
0,-1134906
0,-13853
0,993
0,162734
0,-53818
4826,49480
0,-144377
16,-6580
873,-21750
23,-194332
0,-10075
0,-16284
0,-10265
0,-57917
3929,284187
704,-88806
55,-266003
0,109982
0,-169805
216,-169000
0,-229913
0,2045
0,-43371
0,-66631
2865,-1022081
63169,-72189
788,-114344
0,-20305
29,-563956
0,-16420
164,-7343
0,-408568
264,-1267927
0,-15579
0,-44069
0,-44838
0,-73650
0,-60177
0,-130548
0,867
720,-39638
0,-100035
113,-64081
0,-392507
223,-447803
12,-217488
0,-509848
47146,-708416
3,-3820
850,-28160
0,-151278
1,-136858
0,-56156
0,-11485
141,-390781
3,-382727
76,-575836
0,-195589
6,-152364
0,-1815
0,1352
0,-390701
0,-94826
533,-103546
41001,-516272
4,-36028521
0,-337842
0,-529392
0,-1204978
2138,-728269
0,-1401482
0,-33345
0,-315151
0,-984096
0,-98435
0,-62021
0,-306386
0,-727152
0,-112871
0,-198860
91,-26703
3467,-372560
0,-51833
0,-213650
0,-112179
0,-63820
3673,-49765
0,1538
0,13102
0,142678
0,-748332
298,-56043
187,-31134
488,-1504283
0,-4703
11,-254610
6075,37501
205,-275277
1088,-113609
14117,-507504
0,-213865
10693,-615474
0,-31646
82,1389
7675,309
0,-27560
0,-89038
0,-5870
0,-36146
0,-170247
0,-236279
51556,-464299
47,-4861007
0,-1296731
0,-542621
0,-227229
511,-151600
1427,-14079
0,-328939
368,-92278
3373,-209687
0,-11962
0,-491263
0,-12452
0,-902
0,-10489
0,-43690
0,-284613
0,-156741
0,-347764
0,-92314
55028,-1369445
0,-3563896
0,-3449049
0,-1025
1019,-175108
2781,-30915
274,-218920
0,231516
0,-1365825
4353,-2978767
3232,-746338
0,-1207271
347,-481856
0,-38719
0,34490
0,-1188
0,-328771
0,-65660
0,-301518
16078,-264454
0,240
0,-4279
317,29
0,-4518
1764,-16152
0,-52760
4306,-25491
12903,-14302
0,-26785
0,-56217
0,-14376
0,-1233
0,-62741
8,-51707
0,-6798
0,-65353
0,-84101
0,-35529
0,-80706
1594,-3118075
0,-200797
21456,-5391593
1585,-217381
1796,-4094826
1713,-1012365
0,-156535
2103,-1286098
0,-417317
0,-220976
0,-27900
74,-2078854
0,-84951
0,-164179
1663,-631696
49727,-111832
616,-1201070
0,-3207
108,-778429
190149,-2955829
78360,-4134184
30666,-1126025
7781,-3665242
0,-79251
4035,-180556
3229,-61105
93,-144516
4251,-836898
200,-251639
0,-75022
183,-3808
0,-16134
0,-127927
0,114009
0,-130
1414,-47
0,-35623
0,-4416
0,-2342
0,-8521
0,-1481
0,-7701
0,-26394
0,-15444
0,717
0,-3226
0,-13012
0,-3925
0,-9478
0,-4174
28,-562540
0,526147
0,474
0,-42150
726,638856
0,-107043
0,-3127
0,-220427
122,-351661
0,-22700
10493,-14346
171,-375715
0,230219
0,-48087
0,-864006
0,-24823
0,-513516
587,-597888
195,-182465
1426,-12566831
3200,-503178
0,-84197
3183,-2121062
48770,25594
272326,-3401549
0,-782336
0,-130557
0,-20125
92,-916283
149,-8379601
144728,-4754844
0,-46598
0,-107995
0,-2079
0,-53080
0,-850088
32181,-9170873
185,-889524
205,-7011
149,-8658203
2066,-1852803
0,-157309
0,-1917252
0,-21411
0,-27268
64,-4057
136,-245764
0,-263048
0,-24761
1636,-186846
1788,-647234
52568,46633
238,-550883
0,-265342
0,-1461
284,1334
0,-7158
0,-3643973
0,-119
0,-3187
0,-5464
443,-776
0,-9121
43,-542
0,-5321
0,-18
0,-5965
0,-646
0,-634
0,-11855
0,454
0,2152
0,-200052
442710,404318
0,-2448
0,-14394136
0,-23355
6205,-138673
0,-14273656
1823,-1055680
478,23315931
1729,-18656339
391,512800
738,-414045
152,-301181
0,-27184
0,1762518
0,-5665
0,80923
0,-277692
0,-16307729
529,-151903
0,-163325
0,28622
0,1353
0,735
0,-844
0,-546397
0,-63156773
0,7575313
140,-11825657
37,1425102
0,-4723
0,-6861
0,-101
0,-4181
0,-562418
0,-34204726
35,-2846929
0,-39410066
0,-690564
0,-47524
0,-18388
0,14027
746,518086
77591,-488883
0,-372269
0,-46578
938,-5131244
499,370625
952,-424161
856,381082
0,-7081
588,-3447101
0,1816
32,44273
0,-7734849
235,-1103903
0,-1039677
0,-11409
0,-3911
0,-12506
0,-8943
0,-9569
0,-199098
0,-1605939
0,39495
0,-15587
0,-378
0,3
4076,8283
0,-16393
0,-9835
0,-314388
294,-3505492
217,132899
0,116925
0,3594
0,86
0,1167
0,-7125
0,-1721
0,76072
1223,-64563
0,-327
0,-7524
0,-7777
0,-3450231
25806,-61261
0,-677422
0,-515075
0,-7542
0,-6145
0,-382288
0,-2841
323,-32676
0,-11152
0,44
0,-28306
794,-1234
40,45491
0,-2588362
5480,-19475
0,-27822
0,-9708
4076,633
0,1867
0,16654
0,-154197
0,-27507
16498,-72289
0,-93424
8904,-511
0,-5058
14954,-979949
0,127625
32,-71102
35457,196550
0,-668199
0,-308229
0,-376006
965,-87417
7797,-1018178
0,-406905
216774,52198
836,-146655
8,-827813
0,-237666
0,-31080
535655,-9881047
1827,-709402
200,-125721
299,-1104327
0,54623
7325,-17085
0,-578811
0,-358044
0,-193023
0,-242326
0,-16762
1453,-171931
0,-3948
81,-28499
0,-27807
0,-10372
0,743
0,-322829
0,-10101
172,-4818
399,-10211
0,-11037
411,-19534
0,-10912
0,-13411
0,-11202
0,-344932
0,-11682
47067,-109174
9293,-102359
91417,-131545
144201,-693693
1482,-95452
2523,-36216
0,-6530
3529,-18075
2264,-2329
13776,-117904
122531,-305639
0,-30085
1621,-7497
16,-22
2242,-29159
0,-44980
83,-981
0,-14792
0,-279
0,-104480
0,-1852
0,-34217
8,351
0,-202451
5,-19018
0,-272256
1762,-1858036
0,-10167
40,-143704
0,-3263550
0,701
0,-97
0,-47051638
434,-114343
0,-50382
3383,-25284358
0,-432975
0,-7428
0,-307986
0,-1001
0,-824950
1932,-54246
0,4227
0,1463
15791,29727
1323,-12069
12740,96186
8446,-6762
216924,-3058203
24504,9175
7020,-20686
72108,-26949
848,-69457
1332,-446206
0,-79638
60955,57787
0,198105
0,-423
0,-45591
32866,-44384
0,-73567
3134,-281477
0,-9019
0,-374519
0,-10873
0,-257487
0,-49318
0,-91241
0,-46351
0,-238651
0,-11014
9715,-108165
0,994
158,-78114
0,-153991
0,-36177
0,-1779265
0,-26840
0,-81784
20,-8562
0,-61746
0,-35311
1342,-30151
0,3295
0,-15010
0,-1376
0,-254850
0,16468
0,-271465
0,-83934
0,-18876
0,25847
0,-247843
0,-47574
20,-1946
0,-14288
129,-40602
0,-92288
141,-64836
0,-6471
0,-978
0,-21401
0,-193
1020,-50028
0,-96295
0,9161
0,-109018
0,-358373
0,-5694
0,-518
0,-22656
0,-14809
0,-26464
0,-12116
0,-72328
0,-20456
0,-4286
0,848
0,834
0,-12421
11,8030
0,-2427
0,-30987
0,-328056
29,-247963
0,-84302
0,-31895
0,-14317
108,-26902
0,-65745
75,-735021
0,-852701
0,-26901
0,39354
0,-2605
0,-11220
0,-21946
0,-89668
0,-20656
13958,-52343
0,6843
0,-2020
0,-1367
0,-41393
0,-179542
0,-34908
0,-2425
0,-76801
0,-18307
117,-208733
0,-265280
0,-29672
0,-2117
0,-836
173137,198721
634,-6450
0,-43772
0,-97597
0,-42911
0,-9549
0,-270673
0,-25371
0,-8021
0,-10987
0,-7144
216,-268209
0,-24209
0,-43335
0,-26154
0,-42336
0,-64870
0,-66347
0,-18407
0,-90426
0,-189312
0,-31282
1408,-1598920
0,-249962
0,-119614
0,-289157
0,-24855
0,-4376
0,-22
0,-1131
0,-8771
0,-1438
0,2248
8,-99620
159,11740
0,-70097
0,-19624
0,-23336
0,-11549
0,-24177
0,-57444
0,-9277
0,-3650
0,1415
0,-248802
0,-30100
0,-42304
0,-101871
0,-1207818
0,-193771
0,-37237
0,-4543
0,1687
0,-260724
11365,-473420
0,-80094
5668,-136377
0,-105242
0,-58119
0,-354844
0,-4509
0,-2069
0,-29650
0,-68140
0,-661893
0,-497124
0,-296511
0,-263510
0,-437162
195534,100874
0,-89874
0,-226381
0,-152634
11,-219367
4393,-197307
0,-257787
0,-381906
0,-216483
0,-56846
0,-213282
0,-72508
0,-18333
0,-23315
13,-11799
0,-70124
40,-38481
0,-49577
0,-23436
0,-20573
0,-3104
0,-83115
0,-272053
0,-1335441
0,-9865
0,-241278
0,-94975
0,-19787
0,-111366
0,-47262
0,-18250
0,-2920
0,-9865
0,-228615
0,-86247
0,-9869
0,-955728
0,-13613
0,1518
0,-5428
15731,7856
0,-2533
0,-88762
0,-301991
0,-96593
0,-239338
0,-1272855
250,-289481
0,-104336
0,-3155198
0,-168352
0,-407590
0,-81135
34,-90811
0,-78687
0,-5242305
0,-291672
0,-97587
0,-2235847
0,-49091
1515,-23370
0,-38924
0,-6034
74,-723
0,-25716
11,-63021
26,-1868
0,-7404
605,-27249
0,-107112
0,-37675
0,-31849
0,-59029
0,-35276
0,-6398
0,-33046
5,-8421
0,-6849
0,-9015
0,-11005
0,-2796
0,-5057
30737,28283
0,-939
0,8
0,-224
0,-2769
0,-10520
0,-32528
0,-3480
13,-3877
202,-548
0,-17028
0,-7725
0,-5005
0,-44919
0,1945
0,6504
0,-3478
0,-8185
0,-88990
0,-2130
2043,-13232
0,-58036
0,-10249
0,-16218
0,13636
0,-7800
0,-471
29,-17552
0,-10579
0,-17205
0,3444
0,165
0,-570
0,-327
0,-3654
0,-157127
0,-33419
0,-30687
0,-827
0,-61
0,-883
0,7281
0,-4416
0,4006
0,-22788
0,-3727
0,-33982
0,-117
0,-60022
0,-12
0,-210
13,-11037
0,-1462
0,-2646
0,-12243
0,-2793
0,35965
0,-11456
0,-33842
3,-16851
0,-3198
0,-148541
0,-4170
0,-11735
98793,111557
236,-53412
0,-914
73,-38860
318,-5596
0,-27099
8521,-6671260
0,-53423
0,-60324
0,-61415
4958,-501333
91,-117706
0,-12354
41,-37997
45295,-1736958
7220,-299400
26,-47431
0,-8878
51890,-57777
0,-32603
0,-11261
405,-64846
635,-44861
0,-14869
880,-21837
0,-2353
789,-170787
1923,-370398
0,-11263
0,-76110
1978,-61610
30465,-192277
14,-14242
12995,-975656
44,-28599
1382,-148833
21486,-685331
1572,-105667
7314,-57920
0,-1906
3371,-39960
48645,-1124237
81270,-440308
3462,-60230
0,-12581
157746,-1037846
9698,-177092
5670,-147368
177727,-702985
39354,-223636
38464,-240786
183252,-259506
4431,-35652
0,-35889
6428,-9398
0,-11212
158800,-3156537
11326,-298273
483,-137724
0,-1321
262,-28038
73504,-6614894
20139,-41159
23049,-332952
8097,31710
18389,6447
8988,15483
32,-6360
10069,-247166
9934,-147689
4946,-148901
13034,-523516
26413,-345912
32950,-2190131
5675,-376128
0,-31550
146,-783227
102,-27883
92177,-4386521
4,-199377
3272,-134913
132,-88250
0,-41243
433,-221774
632,-2642
368,-30128
196247,-163290
76297,53092
0,-229880
0,240
2,-32671
157796,-25851
20739,-185858
0,-486
0,-2745
2393,-524216
203392,130764
160648,-84495
0,-2153
0,-55
0,-9547
0,-19488
0,-171748
4,-10895
0,-4191
0,-6072
0,-10643
13141,-1249
68041,-306222
0,-245470
34,-96847
0,-49941
1899,-2113909
12,-1301498
0,-13940
965,-78080
0,-91968
0,-24058
0,-287058
0,-127594
130,-86121
7,-5664
0,968
894,-6749
0,-1117
161595,100744
0,-95627
0,-19071
0,-167695
0,-29514
0,-45059
0,-19527
0,-16254
0,-88629
0,-28061
0,-45109
268,-802708
377,-535732
0,-8121
0,-9184
0,-25430
294,-14757
0,-3798
0,-22787
0,-746801
0,-2122
0,-2451
36,-1541
0,-305
0,-116512
0,-346
0,-1250
0,-2383
0,-42674
0,-616800
0,-13269
0,-49996
4,-14194
0,-68411
18192,-160113
0,-46722
489,-29164
0,-7850
7,-22247
0,-19001
0,-166616
0,-3333
23,-229541
0,-33600
0,-23070
216,-25763
0,-12511
0,-1942
0,18106
0,-69389
0,-6692
5609,-637091
1118,-167626
0,-57
0,-197901
0,-16054
0,-2172
0,5890
0,-831
0,-20960
0,-117137
0,-16218
0,-417
0,-1605
0,-633
0,-9020
0,-1528
0,-16102
63,-30044
0,-13780
2,-40951
0,-225004
0,-4469
0,-52434
10,-72376
0,-27663
0,196216
86,-25788
0,-2287
0,-35846
11,-93113
0,-50626
0,-92658
22,-353448
10817,-1516
0,-103620
0,-261927
0,-160791
4751,-841385
0,-26871
0,-936
270,-126149
0,4873
0,-7340
0,-88848
0,-1690
0,-43876
0,-751217
6264,2342737
6774,-33592
150,1044
